{"cameraMode":{"drawMode":0,"name":"Shaded","section":"Shading Mode"},"sceneLighting":true,"audioPlay":false,"sceneViewState":{"m_AlwaysRefresh":false,"showFog":true,"showSkybox":true,"showFlares":true,"showImageEffects":true,"showParticleSystems":true,"showVisualEffectGraphs":true,"m_FxEnabled":true},"in2DMode":false,"pivot":{"x":-4.1412506103515629,"y":2.756948947906494,"z":0.24408721923828126},"rotation":{"x":0.09229275584220886,"y":-0.004177208058536053,"z":0.0004676516691688448,"w":0.9959954619407654},"size":13.675314903259278,"orthographic":true}